Run,Assay Type,AvgSpotLen,Bases,BioProject,BioSample,BioSampleModel,Bytes,Center Name,Collection_Date,Consent,DATASTORE filetype,DATASTORE provider,DATASTORE region,env_broad_scale,env_local_scale,env_medium,Experiment,geo_loc_name_country,geo_loc_name_country_continent,geo_loc_name,HOST,Instrument,isolation_source,lat_lon,Library Name,LibraryLayout,LibrarySelection,LibrarySource,Organism,Platform,ReleaseDate,create_date,version,Sample Name,SRA Study
SRR13844379,WGS,300,6950743800,PRJNA705895,SAMN18106017,"MIMS.me,MIGS/MIMS/MIMARKS.human-gut",2137797035,SINAI HOSPITAL OF BALTIMORE,2013-12-10,public,"sra,fastq,run.zq","s3,ncbi,gs","s3.us-east-1,ncbi.public,gs.us-east1",human stool,not applicable,not applicable,SRX10222834,USA,North America,"USA: Baltimore\, MD",Homo sapiens,Illumina NovaSeq 6000,stool,39.29 N 76.61 W,PreFMT.D,PAIRED,RANDOM,METAGENOMIC,human gut metagenome,ILLUMINA,2021-05-29T00:00:00Z,2021-03-03T13:16:00Z,1,SH-S-10,SRP309077
SRR13844380,WGS,302,7549718536,PRJNA705895,SAMN18106094,"MIMS.me,MIGS/MIMS/MIMARKS.human-gut",2502274634,SINAI HOSPITAL OF BALTIMORE,2018-08-02,public,"fastq,run.zq,sra","gs,s3,ncbi","gs.us-east1,ncbi.public,s3.us-east-1",human stool,not applicable,not applicable,SRX10222833,USA,North America,"USA: Baltimore\, MD",Homo sapiens,Illumina NovaSeq 6000,stool,39.29 N 76.61 W,PostFMT.V.1.month,PAIRED,RANDOM,METAGENOMIC,human gut metagenome,ILLUMINA,2021-05-29T00:00:00Z,2021-03-03T13:13:00Z,1,SH-S-87,SRP309077
SRR13844381,WGS,302,8042315568,PRJNA705895,SAMN18106093,"MIGS/MIMS/MIMARKS.human-gut,MIMS.me",2676804100,SINAI HOSPITAL OF BALTIMORE,2018-06-28,public,"fastq,sra,run.zq","gs,ncbi,s3","ncbi.public,gs.us-east1,s3.us-east-1",human stool,not applicable,not applicable,SRX10222832,USA,North America,"USA: Baltimore\, MD",Homo sapiens,Illumina NovaSeq 6000,stool,39.29 N 76.61 W,PreFMT.V,PAIRED,RANDOM,METAGENOMIC,human gut metagenome,ILLUMINA,2021-05-29T00:00:00Z,2021-03-03T13:07:00Z,1,SH-S-86,SRP309077
SRR13844382,WGS,302,8216502222,PRJNA705895,SAMN18106092,"MIMS.me,MIGS/MIMS/MIMARKS.human-gut",2720440157,SINAI HOSPITAL OF BALTIMORE,2018-04-24,public,"fastq,sra,run.zq","s3,ncbi,gs","gs.us-east1,ncbi.public,s3.us-east-1",human stool,not applicable,not applicable,SRX10222831,USA,North America,"USA: Baltimore\, MD",Homo sapiens,Illumina NovaSeq 6000,stool,39.29 N 76.61 W,Donor.V,PAIRED,RANDOM,METAGENOMIC,human gut metagenome,ILLUMINA,2021-05-29T00:00:00Z,2021-03-03T13:03:00Z,1,SH-S-85,SRP309077
SRR13844383,WGS,302,7476439746,PRJNA705895,SAMN18106091,"MIMS.me,MIGS/MIMS/MIMARKS.human-gut",2487439496,SINAI HOSPITAL OF BALTIMORE,2018-06-07,public,"sra,run.zq,fastq","gs,s3,ncbi","gs.us-east1,s3.us-east-1,ncbi.public",human stool,not applicable,not applicable,SRX10222830,USA,North America,"USA: Baltimore\, MD",Homo sapiens,Illumina NovaSeq 6000,stool,39.29 N 76.61 W,PostFMT.U.1.month,PAIRED,RANDOM,METAGENOMIC,human gut metagenome,ILLUMINA,2021-05-29T00:00:00Z,2021-03-03T13:06:00Z,1,SH-S-84,SRP309077
SRR13844384,WGS,302,10468788022,PRJNA705895,SAMN18106090,"MIMS.me,MIGS/MIMS/MIMARKS.human-gut",3482379035,SINAI HOSPITAL OF BALTIMORE,2018-05-10,public,"sra,run.zq,fastq","ncbi,gs,s3","s3.us-east-1,gs.us-east1,ncbi.public",human stool,not applicable,not applicable,SRX10222829,USA,North America,"USA: Baltimore\, MD",Homo sapiens,Illumina NovaSeq 6000,stool,39.29 N 76.61 W,PreFMT.U,PAIRED,RANDOM,METAGENOMIC,human gut metagenome,ILLUMINA,2021-05-29T00:00:00Z,2021-03-03T13:45:00Z,1,SH-S-83,SRP309077
SRR13844385,WGS,302,10803370198,PRJNA705895,SAMN18106089,"MIMS.me,MIGS/MIMS/MIMARKS.human-gut",3582505026,SINAI HOSPITAL OF BALTIMORE,2018-06-18,public,"sra,run.zq,fastq","ncbi,gs,s3","gs.us-east1,s3.us-east-1,ncbi.public",human stool,not applicable,not applicable,SRX10222828,USA,North America,"USA: Baltimore\, MD",Homo sapiens,Illumina NovaSeq 6000,stool,39.29 N 76.61 W,PostFMT.T.3.month,PAIRED,RANDOM,METAGENOMIC,human gut metagenome,ILLUMINA,2021-05-29T00:00:00Z,2021-03-03T13:29:00Z,1,SH-S-82,SRP309077
SRR13844386,WGS,302,10330556280,PRJNA705895,SAMN18106088,"MIMS.me,MIGS/MIMS/MIMARKS.human-gut",3415915146,SINAI HOSPITAL OF BALTIMORE,2018-03-15,public,"fastq,sra,run.zq","ncbi,s3,gs","s3.us-east-1,gs.us-east1,ncbi.public",human stool,not applicable,not applicable,SRX10222827,USA,North America,"USA: Baltimore\, MD",Homo sapiens,Illumina NovaSeq 6000,stool,39.29 N 76.61 W,PreFMT.T,PAIRED,RANDOM,METAGENOMIC,human gut metagenome,ILLUMINA,2021-05-29T00:00:00Z,2021-03-03T13:20:00Z,1,SH-S-81,SRP309077
SRR13844387,WGS,300,7254000000,PRJNA705895,SAMN18106016,"MIMS.me,MIGS/MIMS/MIMARKS.human-gut",2215099236,SINAI HOSPITAL OF BALTIMORE,2013-01-28,public,"sra,fastq,run.zq","gs,s3,ncbi","s3.us-east-1,ncbi.public,gs.us-east1",human stool,not applicable,not applicable,SRX10222826,USA,North America,"USA: Baltimore\, MD",Homo sapiens,Illumina NovaSeq 6000,stool,39.29 N 76.61 W,Donor.C,PAIRED,RANDOM,METAGENOMIC,human gut metagenome,ILLUMINA,2021-05-29T00:00:00Z,2021-03-03T13:06:00Z,1,SH-S-09,SRP309077
SRR13844388,WGS,302,9914753016,PRJNA705895,SAMN18106087,"MIMS.me,MIGS/MIMS/MIMARKS.human-gut",3273997889,SINAI HOSPITAL OF BALTIMORE,2018-02-27,public,"sra,run.zq,fastq","gs,s3,ncbi","s3.us-east-1,ncbi.public,gs.us-east1",human stool,not applicable,not applicable,SRX10222825,USA,North America,"USA: Baltimore\, MD",Homo sapiens,Illumina NovaSeq 6000,stool,39.29 N 76.61 W,Donor.T/U,PAIRED,RANDOM,METAGENOMIC,human gut metagenome,ILLUMINA,2021-05-29T00:00:00Z,2021-03-03T13:06:00Z,1,SH-S-80,SRP309077
SRR13844389,WGS,302,7890393260,PRJNA705895,SAMN18106086,"MIMS.me,MIGS/MIMS/MIMARKS.human-gut",2612303428,SINAI HOSPITAL OF BALTIMORE,2019-08-14,public,"run.zq,sra,fastq","ncbi,s3,gs","s3.us-east-1,ncbi.public,gs.us-east1",human stool,not applicable,not applicable,SRX10222824,USA,North America,"USA: Baltimore\, MD",Homo sapiens,Illumina NovaSeq 6000,stool,39.29 N 76.61 W,PostFMT.S.12.month,PAIRED,RANDOM,METAGENOMIC,human gut metagenome,ILLUMINA,2021-05-29T00:00:00Z,2021-03-03T13:16:00Z,1,SH-S-79,SRP309077
SRR13844390,WGS,302,7047698802,PRJNA705895,SAMN18106085,"MIMS.me,MIGS/MIMS/MIMARKS.human-gut",2341420394,SINAI HOSPITAL OF BALTIMORE,2018-01-10,public,"run.zq,sra,fastq","ncbi,gs,s3","s3.us-east-1,ncbi.public,gs.us-east1",human stool,not applicable,not applicable,SRX10222823,USA,North America,"USA: Baltimore\, MD",Homo sapiens,Illumina NovaSeq 6000,stool,39.29 N 76.61 W,PostFMT.S.6.month,PAIRED,RANDOM,METAGENOMIC,human gut metagenome,ILLUMINA,2021-05-29T00:00:00Z,2021-03-03T13:13:00Z,1,SH-S-78,SRP309077
SRR13844391,WGS,302,9944599676,PRJNA705895,SAMN18106084,"MIMS.me,MIGS/MIMS/MIMARKS.human-gut",3293792326,SINAI HOSPITAL OF BALTIMORE,2017-10-04,public,"run.zq,sra,fastq","ncbi,gs,s3","gs.us-east1,s3.us-east-1,ncbi.public",human stool,not applicable,not applicable,SRX10222822,USA,North America,"USA: Baltimore\, MD",Homo sapiens,Illumina NovaSeq 6000,stool,39.29 N 76.61 W,PostFMT.S.3.month,PAIRED,RANDOM,METAGENOMIC,human gut metagenome,ILLUMINA,2021-05-29T00:00:00Z,2021-03-03T13:06:00Z,1,SH-S-77,SRP309077
SRR13844392,WGS,302,7283782168,PRJNA705895,SAMN18106083,"MIMS.me,MIGS/MIMS/MIMARKS.human-gut",2416362524,SINAI HOSPITAL OF BALTIMORE,2017-07-26,public,"run.zq,fastq,sra","gs,ncbi,s3","s3.us-east-1,ncbi.public,gs.us-east1",human stool,not applicable,not applicable,SRX10222821,USA,North America,"USA: Baltimore\, MD",Homo sapiens,Illumina NovaSeq 6000,stool,39.29 N 76.61 W,PostFMT.S.1.month,PAIRED,RANDOM,METAGENOMIC,human gut metagenome,ILLUMINA,2021-05-29T00:00:00Z,2021-03-03T13:16:00Z,1,SH-S-76,SRP309077
SRR13844393,WGS,302,8165422848,PRJNA705895,SAMN18106082,"MIMS.me,MIGS/MIMS/MIMARKS.human-gut",2693884843,SINAI HOSPITAL OF BALTIMORE,2017-06-27,public,"sra,run.zq,fastq","s3,ncbi,gs","s3.us-east-1,ncbi.public,gs.us-east1",human stool,not applicable,not applicable,SRX10222820,USA,North America,"USA: Baltimore\, MD",Homo sapiens,Illumina NovaSeq 6000,stool,39.29 N 76.61 W,PreFMT.S,PAIRED,RANDOM,METAGENOMIC,human gut metagenome,ILLUMINA,2021-05-29T00:00:00Z,2021-03-03T13:15:00Z,1,SH-S-75,SRP309077
SRR13844394,WGS,302,8761068924,PRJNA705895,SAMN18106081,"MIMS.me,MIGS/MIMS/MIMARKS.human-gut",2901588178,SINAI HOSPITAL OF BALTIMORE,2017-03-21,public,"sra,fastq,run.zq","ncbi,s3,gs","gs.us-east1,s3.us-east-1,ncbi.public",human stool,not applicable,not applicable,SRX10222819,USA,North America,"USA: Baltimore\, MD",Homo sapiens,Illumina NovaSeq 6000,stool,39.29 N 76.61 W,Donor.S,PAIRED,RANDOM,METAGENOMIC,human gut metagenome,ILLUMINA,2021-05-29T00:00:00Z,2021-03-03T13:15:00Z,1,SH-S-74,SRP309077
SRR13844395,WGS,302,10267501096,PRJNA705895,SAMN18106080,"MIMS.me,MIGS/MIMS/MIMARKS.human-gut",3400381739,SINAI HOSPITAL OF BALTIMORE,2017-05-31,public,"sra,run.zq,fastq","gs,ncbi,s3","gs.us-east1,ncbi.public,s3.us-east-1",human stool,not applicable,not applicable,SRX10222818,USA,North America,"USA: Baltimore\, MD",Homo sapiens,Illumina NovaSeq 6000,stool,39.29 N 76.61 W,PostFMT.I.7.month,PAIRED,RANDOM,METAGENOMIC,human gut metagenome,ILLUMINA,2021-05-29T00:00:00Z,2021-03-03T13:08:00Z,1,SH-S-73,SRP309077
SRR13844396,WGS,302,10699406396,PRJNA705895,SAMN18106079,"MIMS.me,MIGS/MIMS/MIMARKS.human-gut",3548714594,SINAI HOSPITAL OF BALTIMORE,2016-10-21,public,"sra,run.zq,fastq","ncbi,s3,gs","gs.us-east1,ncbi.public,s3.us-east-1",human stool,not applicable,not applicable,SRX10222817,USA,North America,"USA: Baltimore\, MD",Homo sapiens,Illumina NovaSeq 6000,stool,39.29 N 76.61 W,Donor.R.replicate2,PAIRED,RANDOM,METAGENOMIC,human gut metagenome,ILLUMINA,2021-05-29T00:00:00Z,2021-03-03T13:22:00Z,1,SH-S-72,SRP309077
SRR13844397,WGS,302,6584792598,PRJNA705895,SAMN18106078,"MIMS.me,MIGS/MIMS/MIMARKS.human-gut",2199561994,SINAI HOSPITAL OF BALTIMORE,2016-09-08,public,"fastq,run.zq,sra","ncbi,s3,gs","ncbi.public,s3.us-east-1,gs.us-east1",human stool,not applicable,not applicable,SRX10222816,USA,North America,"USA: Baltimore\, MD",Homo sapiens,Illumina NovaSeq 6000,stool,39.29 N 76.61 W,Donor.R.replicate1,PAIRED,RANDOM,METAGENOMIC,human gut metagenome,ILLUMINA,2021-05-29T00:00:00Z,2021-03-03T13:04:00Z,1,SH-S-71,SRP309077
SRR13844398,WGS,300,6362166000,PRJNA705895,SAMN18106015,"MIMS.me,MIGS/MIMS/MIMARKS.human-gut",1930004345,SINAI HOSPITAL OF BALTIMORE,2013-03-28,public,"sra,fastq,run.zq","s3,gs,ncbi","ncbi.public,gs.us-east1,s3.us-east-1",human stool,not applicable,not applicable,SRX10222815,USA,North America,"USA: Baltimore\, MD",Homo sapiens,Illumina NovaSeq 6000,stool,39.29 N 76.61 W,PostFMT.C.2.month,PAIRED,RANDOM,METAGENOMIC,human gut metagenome,ILLUMINA,2021-05-29T00:00:00Z,2021-03-03T13:00:00Z,1,SH-S-08,SRP309077
SRR13844399,WGS,302,10527062546,PRJNA705895,SAMN18106077,"MIMS.me,MIGS/MIMS/MIMARKS.human-gut",3521445982,SINAI HOSPITAL OF BALTIMORE,2016-10-21,public,"fastq,sra,run.zq","s3,gs,ncbi","ncbi.public,s3.us-east-1,gs.us-east1",human stool,not applicable,not applicable,SRX10222814,USA,North America,"USA: Baltimore\, MD",Homo sapiens,Illumina NovaSeq 6000,stool,39.29 N 76.61 W,PostFMT.R.1.month,PAIRED,RANDOM,METAGENOMIC,human gut metagenome,ILLUMINA,2021-05-29T00:00:00Z,2021-03-03T13:10:00Z,1,SH-S-70,SRP309077
SRR13844400,WGS,302,8295609914,PRJNA705895,SAMN18106076,"MIMS.me,MIGS/MIMS/MIMARKS.human-gut",2769562675,SINAI HOSPITAL OF BALTIMORE,2016-09-08,public,"fastq,sra,run.zq","ncbi,s3,gs","s3.us-east-1,ncbi.public,gs.us-east1",human stool,not applicable,not applicable,SRX10222813,USA,North America,"USA: Baltimore\, MD",Homo sapiens,Illumina NovaSeq 6000,stool,39.29 N 76.61 W,PreFMT.R,PAIRED,RANDOM,METAGENOMIC,human gut metagenome,ILLUMINA,2021-05-29T00:00:00Z,2021-03-03T13:15:00Z,1,SH-S-69,SRP309077
SRR13844401,WGS,302,18198236120,PRJNA705895,SAMN18106075,"MIMS.me,MIGS/MIMS/MIMARKS.human-gut",6094849640,SINAI HOSPITAL OF BALTIMORE,2015-08-04,public,"run.zq,sra,fastq","ncbi,s3,gs","ncbi.public,gs.us-east1,s3.us-east-1",human stool,not applicable,not applicable,SRX10222812,USA,North America,"USA: Baltimore\, MD",Homo sapiens,Illumina NovaSeq 6000,stool,39.29 N 76.61 W,Donor.Q,PAIRED,RANDOM,METAGENOMIC,human gut metagenome,ILLUMINA,2021-05-29T00:00:00Z,2021-03-03T17:37:00Z,1,SH-S-68,SRP309077
SRR13844402,WGS,302,10588908824,PRJNA705895,SAMN18106074,"MIMS.me,MIGS/MIMS/MIMARKS.human-gut",3512829615,SINAI HOSPITAL OF BALTIMORE,2016-05-23,public,"run.zq,sra,fastq","s3,ncbi,gs","gs.us-east1,s3.us-east-1,ncbi.public",human stool,not applicable,not applicable,SRX10222811,USA,North America,"USA: Baltimore\, MD",Homo sapiens,Illumina NovaSeq 6000,stool,39.29 N 76.61 W,PostFMT.Q.9.month,PAIRED,RANDOM,METAGENOMIC,human gut metagenome,ILLUMINA,2021-05-29T00:00:00Z,2021-03-03T13:17:00Z,1,SH-S-67,SRP309077
SRR13844403,WGS,302,9691452102,PRJNA705895,SAMN18106073,"MIMS.me,MIGS/MIMS/MIMARKS.human-gut",3231773232,SINAI HOSPITAL OF BALTIMORE,2015-08-03,public,"sra,run.zq,fastq","s3,ncbi,gs","s3.us-east-1,ncbi.public,gs.us-east1",human stool,not applicable,not applicable,SRX10222810,USA,North America,"USA: Baltimore\, MD",Homo sapiens,Illumina NovaSeq 6000,stool,39.29 N 76.61 W,PreFMT.Q,PAIRED,RANDOM,METAGENOMIC,human gut metagenome,ILLUMINA,2021-05-29T00:00:00Z,2021-03-03T13:10:00Z,1,SH-S-66,SRP309077
SRR13844404,WGS,302,7096066820,PRJNA705895,SAMN18106072,"MIMS.me,MIGS/MIMS/MIMARKS.human-gut",2359775507,SINAI HOSPITAL OF BALTIMORE,2014-08-21,public,"fastq,sra,run.zq","gs,s3,ncbi","s3.us-east-1,gs.us-east1,ncbi.public",human stool,not applicable,not applicable,SRX10222809,USA,North America,"USA: Baltimore\, MD",Homo sapiens,Illumina NovaSeq 6000,stool,39.29 N 76.61 W,Donor.P,PAIRED,RANDOM,METAGENOMIC,human gut metagenome,ILLUMINA,2021-05-29T00:00:00Z,2021-03-03T13:12:00Z,1,SH-S-65,SRP309077
SRR13844405,WGS,302,11745182566,PRJNA705895,SAMN18106071,"MIMS.me,MIGS/MIMS/MIMARKS.human-gut",3871535760,SINAI HOSPITAL OF BALTIMORE,2014-09-21,public,"sra,fastq,run.zq","ncbi,s3,gs","gs.us-east1,s3.us-east-1,ncbi.public",human stool,not applicable,not applicable,SRX10222808,USA,North America,"USA: Baltimore\, MD",Homo sapiens,Illumina NovaSeq 6000,stool,39.29 N 76.61 W,PostFMT.P.1.month,PAIRED,RANDOM,METAGENOMIC,human gut metagenome,ILLUMINA,2021-05-29T00:00:00Z,2021-03-03T13:16:00Z,1,SH-S-64,SRP309077
SRR13844406,WGS,302,10296597588,PRJNA705895,SAMN18106070,"MIMS.me,MIGS/MIMS/MIMARKS.human-gut",3396518486,SINAI HOSPITAL OF BALTIMORE,2014-08-21,public,"run.zq,fastq,sra","s3,gs,ncbi","gs.us-east1,s3.us-east-1,ncbi.public",human stool,not applicable,not applicable,SRX10222807,USA,North America,"USA: Baltimore\, MD",Homo sapiens,Illumina NovaSeq 6000,stool,39.29 N 76.61 W,PreFMT.P,PAIRED,RANDOM,METAGENOMIC,human gut metagenome,ILLUMINA,2021-05-29T00:00:00Z,2021-03-03T13:16:00Z,1,SH-S-63,SRP309077
SRR13844407,WGS,302,10691083578,PRJNA705895,SAMN18106069,"MIMS.me,MIGS/MIMS/MIMARKS.human-gut",3542812616,SINAI HOSPITAL OF BALTIMORE,2012-11-02,public,"run.zq,sra,fastq","ncbi,gs,s3","gs.us-east1,s3.us-east-1,ncbi.public",human stool,not applicable,not applicable,SRX10222806,USA,North America,"USA: Baltimore\, MD",Homo sapiens,Illumina NovaSeq 6000,stool,39.29 N 76.61 W,Donor.O.1.month,PAIRED,RANDOM,METAGENOMIC,human gut metagenome,ILLUMINA,2021-05-29T00:00:00Z,2021-03-03T13:13:00Z,1,SH-S-62,SRP309077
SRR13844408,WGS,302,9968138160,PRJNA705895,SAMN18106068,"MIMS.me,MIGS/MIMS/MIMARKS.human-gut",3282063285,SINAI HOSPITAL OF BALTIMORE,2012-10-25,public,"run.zq,fastq,sra","gs,s3,ncbi","ncbi.public,gs.us-east1,s3.us-east-1",human stool,not applicable,not applicable,SRX10222805,USA,North America,"USA: Baltimore\, MD",Homo sapiens,Illumina NovaSeq 6000,stool,39.29 N 76.61 W,Donor.O.0.75.month,PAIRED,RANDOM,METAGENOMIC,human gut metagenome,ILLUMINA,2021-05-29T00:00:00Z,2021-03-03T13:30:00Z,1,SH-S-61,SRP309077
SRR13844409,WGS,300,6817410900,PRJNA705895,SAMN18106014,"MIMS.me,MIGS/MIMS/MIMARKS.human-gut",2056967253,SINAI HOSPITAL OF BALTIMORE,2013-01-28,public,"sra,fastq,run.zq","ncbi,s3,gs","gs.us-east1,ncbi.public,s3.us-east-1",human stool,not applicable,not applicable,SRX10222804,USA,North America,"USA: Baltimore\, MD",Homo sapiens,Illumina NovaSeq 6000,stool,39.29 N 76.61 W,PreFMT.C,PAIRED,RANDOM,METAGENOMIC,human gut metagenome,ILLUMINA,2021-05-29T00:00:00Z,2021-03-03T13:05:00Z,1,SH-S-07,SRP309077
SRR13844410,WGS,302,10089521624,PRJNA705895,SAMN18106067,"MIMS.me,MIGS/MIMS/MIMARKS.human-gut",3334453362,SINAI HOSPITAL OF BALTIMORE,2012-10-18,public,"run.zq,sra,fastq","ncbi,s3,gs","s3.us-east-1,ncbi.public,gs.us-east1",human stool,not applicable,not applicable,SRX10222803,USA,North America,"USA: Baltimore\, MD",Homo sapiens,Illumina NovaSeq 6000,stool,39.29 N 76.61 W,Donor.O.0.5.month,PAIRED,RANDOM,METAGENOMIC,human gut metagenome,ILLUMINA,2021-05-29T00:00:00Z,2021-03-03T13:08:00Z,1,SH-S-60,SRP309077
SRR13844411,WGS,302,9858953382,PRJNA705895,SAMN18106066,"MIMS.me,MIGS/MIMS/MIMARKS.human-gut",3255474706,SINAI HOSPITAL OF BALTIMORE,2012-10-11,public,"fastq,run.zq,sra","s3,ncbi,gs","gs.us-east1,ncbi.public,s3.us-east-1",human stool,not applicable,not applicable,SRX10222802,USA,North America,"USA: Baltimore\, MD",Homo sapiens,Illumina NovaSeq 6000,stool,39.29 N 76.61 W,Donor.O.0.25.month,PAIRED,RANDOM,METAGENOMIC,human gut metagenome,ILLUMINA,2021-05-29T00:00:00Z,2021-03-03T13:03:00Z,1,SH-S-59,SRP309077
SRR13844412,WGS,302,10459648898,PRJNA705895,SAMN18106065,"MIMS.me,MIGS/MIMS/MIMARKS.human-gut",3441579134,SINAI HOSPITAL OF BALTIMORE,2012-10-04,public,"sra,run.zq,fastq","gs,s3,ncbi","s3.us-east-1,ncbi.public,gs.us-east1",human stool,not applicable,not applicable,SRX10222801,USA,North America,"USA: Baltimore\, MD",Homo sapiens,Illumina NovaSeq 6000,stool,39.29 N 76.61 W,Donor.O.0.month,PAIRED,RANDOM,METAGENOMIC,human gut metagenome,ILLUMINA,2021-05-29T00:00:00Z,2021-03-03T13:05:00Z,1,SH-S-58,SRP309077
SRR13844413,WGS,302,9053245770,PRJNA705895,SAMN18106064,"MIMS.me,MIGS/MIMS/MIMARKS.human-gut",2981147198,SINAI HOSPITAL OF BALTIMORE,2012-11-02,public,"run.zq,sra,fastq","ncbi,gs,s3","ncbi.public,s3.us-east-1,gs.us-east1",human stool,not applicable,not applicable,SRX10222800,USA,North America,"USA: Baltimore\, MD",Homo sapiens,Illumina NovaSeq 6000,stool,39.29 N 76.61 W,PostFMT.O.1.month,PAIRED,RANDOM,METAGENOMIC,human gut metagenome,ILLUMINA,2021-05-29T00:00:00Z,2021-03-03T14:01:00Z,1,SH-S-57,SRP309077
SRR13844414,WGS,302,9185116788,PRJNA705895,SAMN18106063,"MIMS.me,MIGS/MIMS/MIMARKS.human-gut",3043879187,SINAI HOSPITAL OF BALTIMORE,2012-10-25,public,"fastq,sra,run.zq","s3,gs,ncbi","s3.us-east-1,gs.us-east1,ncbi.public",human stool,not applicable,not applicable,SRX10222799,USA,North America,"USA: Baltimore\, MD",Homo sapiens,Illumina NovaSeq 6000,stool,39.29 N 76.61 W,PostFMT.O.0.75.month,PAIRED,RANDOM,METAGENOMIC,human gut metagenome,ILLUMINA,2021-05-29T00:00:00Z,2021-03-03T13:26:00Z,1,SH-S-56,SRP309077
SRR13844415,WGS,302,6680157856,PRJNA705895,SAMN18106062,"MIMS.me,MIGS/MIMS/MIMARKS.human-gut",2255659515,SINAI HOSPITAL OF BALTIMORE,2012-10-18,public,"run.zq,fastq,sra","ncbi,gs,s3","gs.us-east1,ncbi.public,s3.us-east-1",human stool,not applicable,not applicable,SRX10222798,USA,North America,"USA: Baltimore\, MD",Homo sapiens,Illumina NovaSeq 6000,stool,39.29 N 76.61 W,PostFMT.O.0.5.month,PAIRED,RANDOM,METAGENOMIC,human gut metagenome,ILLUMINA,2021-05-29T00:00:00Z,2021-03-03T13:04:00Z,1,SH-S-55,SRP309077
SRR13844416,WGS,302,8652768100,PRJNA705895,SAMN18106061,"MIMS.me,MIGS/MIMS/MIMARKS.human-gut",2909157286,SINAI HOSPITAL OF BALTIMORE,2012-10-11,public,"fastq,run.zq,sra","s3,gs,ncbi","s3.us-east-1,ncbi.public,gs.us-east1",human stool,not applicable,not applicable,SRX10222797,USA,North America,"USA: Baltimore\, MD",Homo sapiens,Illumina NovaSeq 6000,stool,39.29 N 76.61 W,PostFMT.O.0.25.month,PAIRED,RANDOM,METAGENOMIC,human gut metagenome,ILLUMINA,2021-05-29T00:00:00Z,2021-03-03T13:06:00Z,1,SH-S-54,SRP309077
SRR13844417,WGS,302,9829388186,PRJNA705895,SAMN18106060,"MIMS.me,MIGS/MIMS/MIMARKS.human-gut",3318244783,SINAI HOSPITAL OF BALTIMORE,2012-10-04,public,"fastq,sra,run.zq","gs,s3,ncbi","s3.us-east-1,ncbi.public,gs.us-east1",human stool,not applicable,not applicable,SRX10222796,USA,North America,"USA: Baltimore\, MD",Homo sapiens,Illumina NovaSeq 6000,stool,39.29 N 76.61 W,PreFMT.O,PAIRED,RANDOM,METAGENOMIC,human gut metagenome,ILLUMINA,2021-05-29T00:00:00Z,2021-03-03T13:24:00Z,1,SH-S-53,SRP309077
SRR13844418,WGS,302,8195617714,PRJNA705895,SAMN18106059,"MIMS.me,MIGS/MIMS/MIMARKS.human-gut",2780042289,SINAI HOSPITAL OF BALTIMORE,2012-09-06,public,"run.zq,fastq,sra","s3,ncbi,gs","s3.us-east-1,ncbi.public,gs.us-east1",human stool,not applicable,not applicable,SRX10222795,USA,North America,"USA: Baltimore\, MD",Homo sapiens,Illumina NovaSeq 6000,stool,39.29 N 76.61 W,Donor.N,PAIRED,RANDOM,METAGENOMIC,human gut metagenome,ILLUMINA,2021-05-29T00:00:00Z,2021-03-03T13:06:00Z,1,SH-S-52,SRP309077
SRR13844419,WGS,302,7904261704,PRJNA705895,SAMN18106058,"MIMS.me,MIGS/MIMS/MIMARKS.human-gut",2643625631,SINAI HOSPITAL OF BALTIMORE,2012-09-13,public,"run.zq,fastq,sra","s3,gs,ncbi","gs.us-east1,ncbi.public,s3.us-east-1",human stool,not applicable,not applicable,SRX10222794,USA,North America,"USA: Baltimore\, MD",Homo sapiens,Illumina NovaSeq 6000,stool,39.29 N 76.61 W,PostFMT.N.0.25.month,PAIRED,RANDOM,METAGENOMIC,human gut metagenome,ILLUMINA,2021-05-29T00:00:00Z,2021-03-03T13:18:00Z,1,SH-S-51,SRP309077
SRR13844420,WGS,300,6459145800,PRJNA705895,SAMN18106013,"MIMS.me,MIGS/MIMS/MIMARKS.human-gut",1974114034,SINAI HOSPITAL OF BALTIMORE,2012-06-14,public,"fastq,sra,run.zq","gs,s3,ncbi","s3.us-east-1,gs.us-east1,ncbi.public",human stool,not applicable,not applicable,SRX10222793,USA,North America,"USA: Baltimore\, MD",Homo sapiens,Illumina NovaSeq 6000,stool,39.29 N 76.61 W,Donor.B,PAIRED,RANDOM,METAGENOMIC,human gut metagenome,ILLUMINA,2021-05-29T00:00:00Z,2021-03-03T13:02:00Z,1,SH-S-06,SRP309077
SRR13844421,WGS,302,9008148714,PRJNA705895,SAMN18106057,"MIMS.me,MIGS/MIMS/MIMARKS.human-gut",3003747940,SINAI HOSPITAL OF BALTIMORE,2012-09-06,public,"run.zq,sra,fastq","ncbi,gs,s3","ncbi.public,gs.us-east1,s3.us-east-1",human stool,not applicable,not applicable,SRX10222792,USA,North America,"USA: Baltimore\, MD",Homo sapiens,Illumina NovaSeq 6000,stool,39.29 N 76.61 W,PreFMT.N,PAIRED,RANDOM,METAGENOMIC,human gut metagenome,ILLUMINA,2021-05-29T00:00:00Z,2021-03-03T13:07:00Z,1,SH-S-50,SRP309077
SRR13844422,WGS,302,7794215320,PRJNA705895,SAMN18106056,"MIMS.me,MIGS/MIMS/MIMARKS.human-gut",2599451656,SINAI HOSPITAL OF BALTIMORE,2012-05-24,public,"sra,run.zq,fastq","s3,ncbi,gs","ncbi.public,gs.us-east1,s3.us-east-1",human stool,not applicable,not applicable,SRX10222791,USA,North America,"USA: Baltimore\, MD",Homo sapiens,Illumina NovaSeq 6000,stool,39.29 N 76.61 W,Donor.M,PAIRED,RANDOM,METAGENOMIC,human gut metagenome,ILLUMINA,2021-05-29T00:00:00Z,2021-03-03T13:09:00Z,1,SH-S-49,SRP309077
SRR13844423,WGS,302,8090601442,PRJNA705895,SAMN18106055,"MIMS.me,MIGS/MIMS/MIMARKS.human-gut",2690490566,SINAI HOSPITAL OF BALTIMORE,2012-08-07,public,"run.zq,fastq,sra","ncbi,gs,s3","s3.us-east-1,gs.us-east1,ncbi.public",human stool,not applicable,not applicable,SRX10222790,USA,North America,"USA: Baltimore\, MD",Homo sapiens,Illumina NovaSeq 6000,stool,39.29 N 76.61 W,PostFMT.M.2.month,PAIRED,RANDOM,METAGENOMIC,human gut metagenome,ILLUMINA,2021-05-29T00:00:00Z,2021-03-03T13:19:00Z,1,SH-S-48,SRP309077
SRR13844424,WGS,302,8957306410,PRJNA705895,SAMN18106054,"MIMS.me,MIGS/MIMS/MIMARKS.human-gut",2980297407,SINAI HOSPITAL OF BALTIMORE,2012-07-08,public,"fastq,sra,run.zq","ncbi,s3,gs","gs.us-east1,ncbi.public,s3.us-east-1",human stool,not applicable,not applicable,SRX10222789,USA,North America,"USA: Baltimore\, MD",Homo sapiens,Illumina NovaSeq 6000,stool,39.29 N 76.61 W,PostFMT.M.1.month,PAIRED,RANDOM,METAGENOMIC,human gut metagenome,ILLUMINA,2021-05-29T00:00:00Z,2021-03-03T13:12:00Z,1,SH-S-47,SRP309077
SRR13844425,WGS,302,9956936074,PRJNA705895,SAMN18106053,"MIMS.me,MIGS/MIMS/MIMARKS.human-gut",3354840593,SINAI HOSPITAL OF BALTIMORE,2012-05-24,public,"sra,fastq,run.zq","s3,gs,ncbi","gs.us-east1,ncbi.public,s3.us-east-1",human stool,not applicable,not applicable,SRX10222788,USA,North America,"USA: Baltimore\, MD",Homo sapiens,Illumina NovaSeq 6000,stool,39.29 N 76.61 W,PreFMT.M,PAIRED,RANDOM,METAGENOMIC,human gut metagenome,ILLUMINA,2021-05-29T00:00:00Z,2021-03-03T13:16:00Z,1,SH-S-46,SRP309077
SRR13844426,WGS,302,11607171888,PRJNA705895,SAMN18106052,"MIMS.me,MIGS/MIMS/MIMARKS.human-gut",3833315825,SINAI HOSPITAL OF BALTIMORE,2012-05-17,public,"run.zq,sra,fastq","gs,s3,ncbi","s3.us-east-1,gs.us-east1,ncbi.public",human stool,not applicable,not applicable,SRX10222787,USA,North America,"USA: Baltimore\, MD",Homo sapiens,Illumina NovaSeq 6000,stool,39.29 N 76.61 W,Donor.L,PAIRED,RANDOM,METAGENOMIC,human gut metagenome,ILLUMINA,2021-05-29T00:00:00Z,2021-03-03T13:26:00Z,1,SH-S-45,SRP309077
SRR13844427,WGS,302,6702380224,PRJNA705895,SAMN18106051,"MIMS.me,MIGS/MIMS/MIMARKS.human-gut",2242051467,SINAI HOSPITAL OF BALTIMORE,2012-10-17,public,"fastq,run.zq,sra","s3,ncbi,gs","gs.us-east1,ncbi.public,s3.us-east-1",human stool,not applicable,not applicable,SRX10222786,USA,North America,"USA: Baltimore\, MD",Homo sapiens,Illumina NovaSeq 6000,stool,39.29 N 76.61 W,PostFMT.L.5.month,PAIRED,RANDOM,METAGENOMIC,human gut metagenome,ILLUMINA,2021-05-29T00:00:00Z,2021-03-03T13:19:00Z,1,SH-S-44,SRP309077
SRR13844428,WGS,302,8919906126,PRJNA705895,SAMN18106050,"MIMS.me,MIGS/MIMS/MIMARKS.human-gut",2973923228,SINAI HOSPITAL OF BALTIMORE,2012-06-17,public,"sra,run.zq,fastq","ncbi,gs,s3","ncbi.public,gs.us-east1,s3.us-east-1",human stool,not applicable,not applicable,SRX10222785,USA,North America,"USA: Baltimore\, MD",Homo sapiens,Illumina NovaSeq 6000,stool,39.29 N 76.61 W,PostFMT.L.1.month,PAIRED,RANDOM,METAGENOMIC,human gut metagenome,ILLUMINA,2021-05-29T00:00:00Z,2021-03-03T13:08:00Z,1,SH-S-43,SRP309077
SRR13844429,WGS,302,9092982628,PRJNA705895,SAMN18106049,"MIMS.me,MIGS/MIMS/MIMARKS.human-gut",3009889140,SINAI HOSPITAL OF BALTIMORE,2012-05-17,public,"run.zq,sra,fastq","s3,gs,ncbi","s3.us-east-1,gs.us-east1,ncbi.public",human stool,not applicable,not applicable,SRX10222784,USA,North America,"USA: Baltimore\, MD",Homo sapiens,Illumina NovaSeq 6000,stool,39.29 N 76.61 W,PreFMT.L,PAIRED,RANDOM,METAGENOMIC,human gut metagenome,ILLUMINA,2021-05-29T00:00:00Z,2021-03-03T13:31:00Z,1,SH-S-42,SRP309077
SRR13844430,WGS,302,7814594582,PRJNA705895,SAMN18106048,"MIMS.me,MIGS/MIMS/MIMARKS.human-gut",2585476444,SINAI HOSPITAL OF BALTIMORE,2012-03-23,public,"fastq,run.zq,sra","s3,ncbi,gs","ncbi.public,gs.us-east1,s3.us-east-1",human stool,not applicable,not applicable,SRX10222783,USA,North America,"USA: Baltimore\, MD",Homo sapiens,Illumina NovaSeq 6000,stool,39.29 N 76.61 W,Donor.K.4.month,PAIRED,RANDOM,METAGENOMIC,human gut metagenome,ILLUMINA,2021-05-29T00:00:00Z,2021-03-03T13:19:00Z,1,SH-S-41,SRP309077
SRR13844431,WGS,300,7390096200,PRJNA705895,SAMN18106012,"MIMS.me,MIGS/MIMS/MIMARKS.human-gut",2269731722,SINAI HOSPITAL OF BALTIMORE,2012-10-14,public,"sra,fastq,run.zq","gs,s3,ncbi","s3.us-east-1,gs.us-east1,ncbi.public",human stool,not applicable,not applicable,SRX10222782,USA,North America,"USA: Baltimore\, MD",Homo sapiens,Illumina NovaSeq 6000,stool,39.29 N 76.61 W,PostFMT.B.4.month,PAIRED,RANDOM,METAGENOMIC,human gut metagenome,ILLUMINA,2021-05-29T00:00:00Z,2021-03-03T13:21:00Z,1,SH-S-05,SRP309077
SRR13844432,WGS,302,11466140304,PRJNA705895,SAMN18106047,"MIMS.me,MIGS/MIMS/MIMARKS.human-gut",3842480134,SINAI HOSPITAL OF BALTIMORE,2012-01-20,public,"sra,run.zq,fastq","s3,ncbi,gs","gs.us-east1,ncbi.public,s3.us-east-1",human stool,not applicable,not applicable,SRX10222781,USA,North America,"USA: Baltimore\, MD",Homo sapiens,Illumina NovaSeq 6000,stool,39.29 N 76.61 W,Donor.K.2.month,PAIRED,RANDOM,METAGENOMIC,human gut metagenome,ILLUMINA,2021-05-29T00:00:00Z,2021-03-03T13:34:00Z,1,SH-S-40,SRP309077
SRR13844433,WGS,302,10406899162,PRJNA705895,SAMN18106046,"MIMS.me,MIGS/MIMS/MIMARKS.human-gut",3458916179,SINAI HOSPITAL OF BALTIMORE,2011-12-09,public,"run.zq,sra,fastq","gs,ncbi,s3","gs.us-east1,ncbi.public,s3.us-east-1",human stool,not applicable,not applicable,SRX10222780,USA,North America,"USA: Baltimore\, MD",Homo sapiens,Illumina NovaSeq 6000,stool,39.29 N 76.61 W,Donor.K.1.month,PAIRED,RANDOM,METAGENOMIC,human gut metagenome,ILLUMINA,2021-05-29T00:00:00Z,2021-03-03T13:24:00Z,1,SH-S-39,SRP309077
SRR13844434,WGS,302,10546529466,PRJNA705895,SAMN18106045,"MIMS.me,MIGS/MIMS/MIMARKS.human-gut",3529432931,SINAI HOSPITAL OF BALTIMORE,2011-11-02,public,"sra,run.zq,fastq","s3,ncbi,gs","s3.us-east-1,gs.us-east1,ncbi.public",human stool,not applicable,not applicable,SRX10222779,USA,North America,"USA: Baltimore\, MD",Homo sapiens,Illumina NovaSeq 6000,stool,39.29 N 76.61 W,Donor.K.0.month,PAIRED,RANDOM,METAGENOMIC,human gut metagenome,ILLUMINA,2021-05-29T00:00:00Z,2021-03-03T13:25:00Z,1,SH-S-38,SRP309077
SRR13844435,WGS,302,12471078222,PRJNA705895,SAMN18106044,"MIMS.me,MIGS/MIMS/MIMARKS.human-gut",4103350261,SINAI HOSPITAL OF BALTIMORE,2012-03-23,public,"sra,run.zq,fastq","s3,ncbi,gs","s3.us-east-1,gs.us-east1,ncbi.public",human stool,not applicable,not applicable,SRX10222778,USA,North America,"USA: Baltimore\, MD",Homo sapiens,Illumina NovaSeq 6000,stool,39.29 N 76.61 W,PostFMT.K.4.month,PAIRED,RANDOM,METAGENOMIC,human gut metagenome,ILLUMINA,2021-05-29T00:00:00Z,2021-03-03T13:41:00Z,1,SH-S-37,SRP309077
SRR13844436,WGS,302,10172927380,PRJNA705895,SAMN18106043,"MIMS.me,MIGS/MIMS/MIMARKS.human-gut",3402181400,SINAI HOSPITAL OF BALTIMORE,2012-02-27,public,"run.zq,sra,fastq","gs,s3,ncbi","ncbi.public,s3.us-east-1,gs.us-east1",human stool,not applicable,not applicable,SRX10222777,USA,North America,"USA: Baltimore\, MD",Homo sapiens,Illumina NovaSeq 6000,stool,39.29 N 76.61 W,PostFMT.K.3.month,PAIRED,RANDOM,METAGENOMIC,human gut metagenome,ILLUMINA,2021-05-29T00:00:00Z,2021-03-03T13:39:00Z,1,SH-S-36,SRP309077
SRR13844437,WGS,302,9149237376,PRJNA705895,SAMN18106042,"MIMS.me,MIGS/MIMS/MIMARKS.human-gut",3029752375,SINAI HOSPITAL OF BALTIMORE,2012-01-20,public,"run.zq,sra,fastq","gs,ncbi,s3","gs.us-east1,ncbi.public,s3.us-east-1",human stool,not applicable,not applicable,SRX10222776,USA,North America,"USA: Baltimore\, MD",Homo sapiens,Illumina NovaSeq 6000,stool,39.29 N 76.61 W,PostFMT.K.2.month,PAIRED,RANDOM,METAGENOMIC,human gut metagenome,ILLUMINA,2021-05-29T00:00:00Z,2021-03-03T13:26:00Z,1,SH-S-35,SRP309077
SRR13844438,WGS,302,8620635904,PRJNA705895,SAMN18106041,"MIMS.me,MIGS/MIMS/MIMARKS.human-gut",2881383380,SINAI HOSPITAL OF BALTIMORE,2011-12-09,public,"run.zq,sra,fastq","ncbi,gs,s3","s3.us-east-1,ncbi.public,gs.us-east1",human stool,not applicable,not applicable,SRX10222775,USA,North America,"USA: Baltimore\, MD",Homo sapiens,Illumina NovaSeq 6000,stool,39.29 N 76.61 W,PostFMT.K.1.month,PAIRED,RANDOM,METAGENOMIC,human gut metagenome,ILLUMINA,2021-05-29T00:00:00Z,2021-03-03T13:22:00Z,1,SH-S-34,SRP309077
SRR13844439,WGS,302,8405528854,PRJNA705895,SAMN18106040,"MIMS.me,MIGS/MIMS/MIMARKS.human-gut",2807294979,SINAI HOSPITAL OF BALTIMORE,2011-11-02,public,"run.zq,fastq,sra","ncbi,s3,gs","gs.us-east1,ncbi.public,s3.us-east-1",human stool,not applicable,not applicable,SRX10222774,USA,North America,"USA: Baltimore\, MD",Homo sapiens,Illumina NovaSeq 6000,stool,39.29 N 76.61 W,PreFMT.K,PAIRED,RANDOM,METAGENOMIC,human gut metagenome,ILLUMINA,2021-05-29T00:00:00Z,2021-03-03T13:29:00Z,1,SH-S-33,SRP309077
SRR13844440,WGS,300,6811585800,PRJNA705895,SAMN18106039,"MIMS.me,MIGS/MIMS/MIMARKS.human-gut",2059845486,SINAI HOSPITAL OF BALTIMORE,2017-02-14,public,"sra,fastq,run.zq","ncbi,s3,gs","s3.us-east-1,ncbi.public,gs.us-east1",human stool,not applicable,not applicable,SRX10222773,USA,North America,"USA: Baltimore\, MD",Homo sapiens,Illumina NovaSeq 6000,stool,39.29 N 76.61 W,Donor.J,PAIRED,RANDOM,METAGENOMIC,human gut metagenome,ILLUMINA,2021-05-29T00:00:00Z,2021-03-03T13:20:00Z,1,SH-S-32,SRP309077
SRR13844441,WGS,300,8032109400,PRJNA705895,SAMN18106038,"MIMS.me,MIGS/MIMS/MIMARKS.human-gut",2414036692,SINAI HOSPITAL OF BALTIMORE,2017-06-19,public,"run.zq,fastq,sra","gs,s3,ncbi","s3.us-east-1,ncbi.public,gs.us-east1",human stool,not applicable,not applicable,SRX10222772,USA,North America,"USA: Baltimore\, MD",Homo sapiens,Illumina NovaSeq 6000,stool,39.29 N 76.61 W,PostFMT.J.4.month,PAIRED,RANDOM,METAGENOMIC,human gut metagenome,ILLUMINA,2021-05-29T00:00:00Z,2021-03-03T13:29:00Z,1,SH-S-31,SRP309077
SRR13844442,WGS,300,7057299900,PRJNA705895,SAMN18106011,"MIMS.me,MIGS/MIMS/MIMARKS.human-gut",2132827433,SINAI HOSPITAL OF BALTIMORE,2012-06-14,public,"run.zq,fastq,sra","gs,ncbi,s3","gs.us-east1,s3.us-east-1,ncbi.public",human stool,not applicable,not applicable,SRX10222771,USA,North America,"USA: Baltimore\, MD",Homo sapiens,Illumina NovaSeq 6000,stool,39.29 N 76.61 W,PreFMT.B,PAIRED,RANDOM,METAGENOMIC,human gut metagenome,ILLUMINA,2021-05-29T00:00:00Z,2021-03-03T13:19:00Z,1,SH-S-04,SRP309077
SRR13844443,WGS,300,7219377900,PRJNA705895,SAMN18106037,"MIMS.me,MIGS/MIMS/MIMARKS.human-gut",2193739795,SINAI HOSPITAL OF BALTIMORE,2017-02-14,public,"sra,fastq,run.zq","gs,ncbi,s3","s3.us-east-1,gs.us-east1,ncbi.public",human stool,not applicable,not applicable,SRX10222770,USA,North America,"USA: Baltimore\, MD",Homo sapiens,Illumina NovaSeq 6000,stool,39.29 N 76.61 W,PreFMT.J,PAIRED,RANDOM,METAGENOMIC,human gut metagenome,ILLUMINA,2021-05-29T00:00:00Z,2021-03-03T13:25:00Z,1,SH-S-30,SRP309077
SRR13844444,WGS,300,7916039400,PRJNA705895,SAMN18106036,"MIMS.me,MIGS/MIMS/MIMARKS.human-gut",2383444708,SINAI HOSPITAL OF BALTIMORE,2016-09-13,public,"fastq,sra,run.zq","ncbi,s3,gs","s3.us-east-1,gs.us-east1,ncbi.public",human stool,not applicable,not applicable,SRX10222769,USA,North America,"USA: Baltimore\, MD",Homo sapiens,Illumina NovaSeq 6000,stool,39.29 N 76.61 W,Donor.I,PAIRED,RANDOM,METAGENOMIC,human gut metagenome,ILLUMINA,2021-05-29T00:00:00Z,2021-03-03T13:24:00Z,1,SH-S-29,SRP309077
SRR13844445,WGS,300,7735392300,PRJNA705895,SAMN18106035,"MIMS.me,MIGS/MIMS/MIMARKS.human-gut",2329542153,SINAI HOSPITAL OF BALTIMORE,2017-01-20,public,"fastq,run.zq,sra","ncbi,gs,s3","gs.us-east1,s3.us-east-1,ncbi.public",human stool,not applicable,not applicable,SRX10222768,USA,North America,"USA: Baltimore\, MD",Homo sapiens,Illumina NovaSeq 6000,stool,39.29 N 76.61 W,PostFMT.I.4.month,PAIRED,RANDOM,METAGENOMIC,human gut metagenome,ILLUMINA,2021-05-29T00:00:00Z,2021-03-03T13:20:00Z,1,SH-S-28,SRP309077
SRR13844446,WGS,300,8062563900,PRJNA705895,SAMN18106034,"MIMS.me,MIGS/MIMS/MIMARKS.human-gut",2435553062,SINAI HOSPITAL OF BALTIMORE,2016-09-13,public,"sra,fastq,run.zq","s3,gs,ncbi","s3.us-east-1,ncbi.public,gs.us-east1",human stool,not applicable,not applicable,SRX10222767,USA,North America,"USA: Baltimore\, MD",Homo sapiens,Illumina NovaSeq 6000,stool,39.29 N 76.61 W,PreFMT.I,PAIRED,RANDOM,METAGENOMIC,human gut metagenome,ILLUMINA,2021-05-29T00:00:00Z,2021-03-03T13:21:00Z,1,SH-S-27,SRP309077
SRR13844447,WGS,300,7731286500,PRJNA705895,SAMN18106033,"MIMS.me,MIGS/MIMS/MIMARKS.human-gut",2318967308,SINAI HOSPITAL OF BALTIMORE,2016-08-09,public,"sra,fastq,run.zq","s3,ncbi,gs","gs.us-east1,s3.us-east-1,ncbi.public",human stool,not applicable,not applicable,SRX10222766,USA,North America,"USA: Baltimore\, MD",Homo sapiens,Illumina NovaSeq 6000,stool,39.29 N 76.61 W,Donor.H,PAIRED,RANDOM,METAGENOMIC,human gut metagenome,ILLUMINA,2021-05-29T00:00:00Z,2021-03-03T13:25:00Z,1,SH-S-26,SRP309077
SRR13844448,WGS,300,8259600300,PRJNA705895,SAMN18106032,"MIMS.me,MIGS/MIMS/MIMARKS.human-gut",2492700816,SINAI HOSPITAL OF BALTIMORE,2017-04-03,public,"fastq,run.zq,sra","gs,ncbi,s3","s3.us-east-1,ncbi.public,gs.us-east1",human stool,not applicable,not applicable,SRX10222765,USA,North America,"USA: Baltimore\, MD",Homo sapiens,Illumina NovaSeq 6000,stool,39.29 N 76.61 W,PostFMT.H.8.month,PAIRED,RANDOM,METAGENOMIC,human gut metagenome,ILLUMINA,2021-05-29T00:00:00Z,2021-03-03T13:25:00Z,1,SH-S-25,SRP309077
SRR13844449,WGS,300,8767542600,PRJNA705895,SAMN18106031,"MIMS.me,MIGS/MIMS/MIMARKS.human-gut",2661774423,SINAI HOSPITAL OF BALTIMORE,2016-08-09,public,"fastq,sra,run.zq","ncbi,gs,s3","s3.us-east-1,ncbi.public,gs.us-east1",human stool,not applicable,not applicable,SRX10222764,USA,North America,"USA: Baltimore\, MD",Homo sapiens,Illumina NovaSeq 6000,stool,39.29 N 76.61 W,PreFMT.H,PAIRED,RANDOM,METAGENOMIC,human gut metagenome,ILLUMINA,2021-05-29T00:00:00Z,2021-03-03T13:23:00Z,1,SH-S-24,SRP309077
SRR13844450,WGS,300,7449705000,PRJNA705895,SAMN18106030,"MIMS.me,MIGS/MIMS/MIMARKS.human-gut",2253583537,SINAI HOSPITAL OF BALTIMORE,2016-07-07,public,"run.zq,sra,fastq","s3,ncbi,gs","gs.us-east1,ncbi.public,s3.us-east-1",human stool,not applicable,not applicable,SRX10222763,USA,North America,"USA: Baltimore\, MD",Homo sapiens,Illumina NovaSeq 6000,stool,39.29 N 76.61 W,Donor.G,PAIRED,RANDOM,METAGENOMIC,human gut metagenome,ILLUMINA,2021-05-29T00:00:00Z,2021-03-03T13:22:00Z,1,SH-S-23,SRP309077
SRR13844451,WGS,300,6513351300,PRJNA705895,SAMN18106029,"MIMS.me,MIGS/MIMS/MIMARKS.human-gut",1990316134,SINAI HOSPITAL OF BALTIMORE,2016-11-14,public,"run.zq,fastq,sra","s3,ncbi,gs","gs.us-east1,s3.us-east-1,ncbi.public",human stool,not applicable,not applicable,SRX10222762,USA,North America,"USA: Baltimore\, MD",Homo sapiens,Illumina NovaSeq 6000,stool,39.29 N 76.61 W,PostFMT.G.4.month,PAIRED,RANDOM,METAGENOMIC,human gut metagenome,ILLUMINA,2021-05-29T00:00:00Z,2021-03-03T13:20:00Z,1,SH-S-22,SRP309077
SRR13844452,WGS,300,7423631700,PRJNA705895,SAMN18106028,"MIMS.me,MIGS/MIMS/MIMARKS.human-gut",2236509975,SINAI HOSPITAL OF BALTIMORE,2016-07-06,public,"fastq,run.zq,sra","s3,gs,ncbi","ncbi.public,gs.us-east1,s3.us-east-1",human stool,not applicable,not applicable,SRX10222761,USA,North America,"USA: Baltimore\, MD",Homo sapiens,Illumina NovaSeq 6000,stool,39.29 N 76.61 W,PreFMT.G,PAIRED,RANDOM,METAGENOMIC,human gut metagenome,ILLUMINA,2021-05-29T00:00:00Z,2021-03-03T13:20:00Z,1,SH-S-21,SRP309077
SRR13844453,WGS,300,6742642800,PRJNA705895,SAMN18106010,"MIMS.me,MIGS/MIMS/MIMARKS.human-gut",2048393715,SINAI HOSPITAL OF BALTIMORE,2012-01-17,public,"fastq,run.zq,sra","gs,ncbi,s3","ncbi.public,s3.us-east-1,gs.us-east1",human stool,not applicable,not applicable,SRX10222760,USA,North America,"USA: Baltimore\, MD",Homo sapiens,Illumina NovaSeq 6000,stool,39.29 N 76.61 W,Donor.A,PAIRED,RANDOM,METAGENOMIC,human gut metagenome,ILLUMINA,2021-05-29T00:00:00Z,2021-03-03T13:21:00Z,1,SH-S-03,SRP309077
SRR13844454,WGS,300,6845241300,PRJNA705895,SAMN18106027,"MIMS.me,MIGS/MIMS/MIMARKS.human-gut",2072271622,SINAI HOSPITAL OF BALTIMORE,2015-10-27,public,"sra,fastq,run.zq","ncbi,gs,s3","s3.us-east-1,gs.us-east1,ncbi.public",human stool,not applicable,not applicable,SRX10222759,USA,North America,"USA: Baltimore\, MD",Homo sapiens,Illumina NovaSeq 6000,stool,39.29 N 76.61 W,Donor.F,PAIRED,RANDOM,METAGENOMIC,human gut metagenome,ILLUMINA,2021-05-29T00:00:00Z,2021-03-03T13:20:00Z,1,SH-S-20,SRP309077
SRR13844455,WGS,300,8132980200,PRJNA705895,SAMN18106026,"MIMS.me,MIGS/MIMS/MIMARKS.human-gut",2444467740,SINAI HOSPITAL OF BALTIMORE,2016-03-07,public,"sra,fastq,run.zq","ncbi,s3,gs","ncbi.public,gs.us-east1,s3.us-east-1",human stool,not applicable,not applicable,SRX10222758,USA,North America,"USA: Baltimore\, MD",Homo sapiens,Illumina NovaSeq 6000,stool,39.29 N 76.61 W,PostFMT.F.5.month,PAIRED,RANDOM,METAGENOMIC,human gut metagenome,ILLUMINA,2021-05-29T00:00:00Z,2021-03-03T13:21:00Z,1,SH-S-19,SRP309077
SRR13844456,WGS,300,6900934800,PRJNA705895,SAMN18106025,"MIMS.me,MIGS/MIMS/MIMARKS.human-gut",2122089124,SINAI HOSPITAL OF BALTIMORE,2015-10-26,public,"fastq,run.zq,sra","s3,gs,ncbi","ncbi.public,gs.us-east1,s3.us-east-1",human stool,not applicable,not applicable,SRX10222757,USA,North America,"USA: Baltimore\, MD",Homo sapiens,Illumina NovaSeq 6000,stool,39.29 N 76.61 W,PreFMT.F,PAIRED,RANDOM,METAGENOMIC,human gut metagenome,ILLUMINA,2021-05-29T00:00:00Z,2021-03-03T13:18:00Z,1,SH-S-18,SRP309077
SRR13844457,WGS,300,7028047800,PRJNA705895,SAMN18106024,"MIGS/MIMS/MIMARKS.human-gut,MIMS.me",2126436541,SINAI HOSPITAL OF BALTIMORE,2015-08-20,public,"run.zq,sra,fastq","s3,ncbi,gs","s3.us-east-1,ncbi.public,gs.us-east1",human stool,not applicable,not applicable,SRX10222756,USA,North America,"USA: Baltimore\, MD",Homo sapiens,Illumina NovaSeq 6000,stool,39.29 N 76.61 W,Donor.E,PAIRED,RANDOM,METAGENOMIC,human gut metagenome,ILLUMINA,2021-05-29T00:00:00Z,2021-03-03T13:31:00Z,1,SH-S-17,SRP309077
SRR13844458,WGS,300,7802846700,PRJNA705895,SAMN18106023,"MIMS.me,MIGS/MIMS/MIMARKS.human-gut",2368660887,SINAI HOSPITAL OF BALTIMORE,2015-11-18,public,"fastq,sra,run.zq","ncbi,s3,gs","ncbi.public,gs.us-east1,s3.us-east-1",human stool,not applicable,not applicable,SRX10222755,USA,North America,"USA: Baltimore\, MD",Homo sapiens,Illumina NovaSeq 6000,stool,39.29 N 76.61 W,PostFMT.E.3.month,PAIRED,RANDOM,METAGENOMIC,human gut metagenome,ILLUMINA,2021-05-29T00:00:00Z,2021-03-03T13:27:00Z,1,SH-S-16,SRP309077
SRR13844459,WGS,300,6954829800,PRJNA705895,SAMN18106022,"MIMS.me,MIGS/MIMS/MIMARKS.human-gut",2161227923,SINAI HOSPITAL OF BALTIMORE,2015-08-19,public,"sra,fastq,run.zq","s3,ncbi,gs","gs.us-east1,ncbi.public,s3.us-east-1",human stool,not applicable,not applicable,SRX10222754,USA,North America,"USA: Baltimore\, MD",Homo sapiens,Illumina NovaSeq 6000,stool,39.29 N 76.61 W,PreFMT.E,PAIRED,RANDOM,METAGENOMIC,human gut metagenome,ILLUMINA,2021-05-29T00:00:00Z,2021-03-03T13:27:00Z,1,SH-S-15,SRP309077
SRR13844460,WGS,300,6998513100,PRJNA705895,SAMN18106021,"MIMS.me,MIGS/MIMS/MIMARKS.human-gut",2197690344,SINAI HOSPITAL OF BALTIMORE,2013-12-10,public,"fastq,run.zq,sra","gs,s3,ncbi","ncbi.public,s3.us-east-1,gs.us-east1",human stool,not applicable,not applicable,SRX10222753,USA,North America,"USA: Baltimore\, MD",Homo sapiens,Illumina NovaSeq 6000,stool,39.29 N 76.61 W,Donor.D,PAIRED,RANDOM,METAGENOMIC,human gut metagenome,ILLUMINA,2021-05-29T00:00:00Z,2021-03-03T13:35:00Z,1,SH-S-14,SRP309077
SRR13844461,WGS,300,7387219500,PRJNA705895,SAMN18106020,"MIMS.me,MIGS/MIMS/MIMARKS.human-gut",2225186851,SINAI HOSPITAL OF BALTIMORE,2015-12-07,public,"sra,fastq,run.zq","ncbi,gs,s3","s3.us-east-1,ncbi.public,gs.us-east1",human stool,not applicable,not applicable,SRX10222752,USA,North America,"USA: Baltimore\, MD",Homo sapiens,Illumina NovaSeq 6000,stool,39.29 N 76.61 W,PostFMT.D.24.month,PAIRED,RANDOM,METAGENOMIC,human gut metagenome,ILLUMINA,2021-05-29T00:00:00Z,2021-03-03T13:25:00Z,1,SH-S-13,SRP309077
SRR13844462,WGS,300,7060396800,PRJNA705895,SAMN18106019,"MIMS.me,MIGS/MIMS/MIMARKS.human-gut",2140789672,SINAI HOSPITAL OF BALTIMORE,2014-01-08,public,"fastq,sra,run.zq","gs,ncbi,s3","gs.us-east1,ncbi.public,s3.us-east-1",human stool,not applicable,not applicable,SRX10222751,USA,North America,"USA: Baltimore\, MD",Homo sapiens,Illumina NovaSeq 6000,stool,39.29 N 76.61 W,PostFMT.D.1.month,PAIRED,RANDOM,METAGENOMIC,human gut metagenome,ILLUMINA,2021-05-29T00:00:00Z,2021-03-03T13:26:00Z,1,SH-S-12,SRP309077
SRR13844463,WGS,300,5698371900,PRJNA705895,SAMN18106018,"MIMS.me,MIGS/MIMS/MIMARKS.human-gut",1740816754,SINAI HOSPITAL OF BALTIMORE,2014-05-10,public,"run.zq,fastq,sra","gs,s3,ncbi","ncbi.public,s3.us-east-1,gs.us-east1",human stool,not applicable,not applicable,SRX10222750,USA,North America,"USA: Baltimore\, MD",Homo sapiens,Illumina NovaSeq 6000,stool,39.29 N 76.61 W,PostFMT.D.5.month,PAIRED,RANDOM,METAGENOMIC,human gut metagenome,ILLUMINA,2021-05-29T00:00:00Z,2021-03-03T13:22:00Z,1,SH-S-11,SRP309077
SRR13844464,WGS,300,6089090700,PRJNA705895,SAMN18106009,"MIMS.me,MIGS/MIMS/MIMARKS.human-gut",1868004072,SINAI HOSPITAL OF BALTIMORE,2012-03-16,public,"fastq,run.zq,sra","s3,ncbi,gs","gs.us-east1,ncbi.public,s3.us-east-1",human stool,not applicable,not applicable,SRX10222749,USA,North America,"USA: Baltimore\, MD",Homo sapiens,Illumina NovaSeq 6000,stool,39.29 N 76.61 W,PostFMT.A.3.month,PAIRED,RANDOM,METAGENOMIC,human gut metagenome,ILLUMINA,2021-05-29T00:00:00Z,2021-03-03T13:22:00Z,1,SH-S-02,SRP309077
SRR13844465,WGS,300,7128297900,PRJNA705895,SAMN18106008,"MIMS.me,MIGS/MIMS/MIMARKS.human-gut",2191189796,SINAI HOSPITAL OF BALTIMORE,2012-01-17,public,"run.zq,sra,fastq","s3,gs,ncbi","gs.us-east1,ncbi.public,s3.us-east-1",human stool,not applicable,not applicable,SRX10222748,USA,North America,"USA: Baltimore\, MD",Homo sapiens,Illumina NovaSeq 6000,stool,39.29 N 76.61 W,PreFMT.A,PAIRED,RANDOM,METAGENOMIC,human gut metagenome,ILLUMINA,2021-05-29T00:00:00Z,2021-03-03T13:27:00Z,1,SH-S-01,SRP309077
